Built,n,prop
3.6.0,85,0.9239130434782609
3.6.2,7,0.07608695652173914
